Label,Region
1,schaefer_001
2,schaefer_002
3,schaefer_003
4,schaefer_004
5,schaefer_005
6,schaefer_006
7,schaefer_007
8,schaefer_008
9,schaefer_009
10,schaefer_010
11,schaefer_011
12,schaefer_012
13,schaefer_013
14,schaefer_014
15,schaefer_015
16,schaefer_016
17,schaefer_017
18,schaefer_018
19,schaefer_019
20,schaefer_020
21,schaefer_021
22,schaefer_022
23,schaefer_023
24,schaefer_024
25,schaefer_025
26,schaefer_026
27,schaefer_027
28,schaefer_028
29,schaefer_029
30,schaefer_030
31,schaefer_031
32,schaefer_032
33,schaefer_033
34,schaefer_034
35,schaefer_035
36,schaefer_036
37,schaefer_037
38,schaefer_038
39,schaefer_039
40,schaefer_040
41,schaefer_041
42,schaefer_042
43,schaefer_043
44,schaefer_044
45,schaefer_045
46,schaefer_046
47,schaefer_047
48,schaefer_048
49,schaefer_049
50,schaefer_050
51,schaefer_051
52,schaefer_052
53,schaefer_053
54,schaefer_054
55,schaefer_055
56,schaefer_056
57,schaefer_057
58,schaefer_058
59,schaefer_059
60,schaefer_060
61,schaefer_061
62,schaefer_062
63,schaefer_063
64,schaefer_064
65,schaefer_065
66,schaefer_066
67,schaefer_067
68,schaefer_068
69,schaefer_069
70,schaefer_070
71,schaefer_071
72,schaefer_072
73,schaefer_073
74,schaefer_074
75,schaefer_075
76,schaefer_076
77,schaefer_077
78,schaefer_078
79,schaefer_079
80,schaefer_080
81,schaefer_081
82,schaefer_082
83,schaefer_083
84,schaefer_084
85,schaefer_085
86,schaefer_086
87,schaefer_087
88,schaefer_088
89,schaefer_089
90,schaefer_090
91,schaefer_091
92,schaefer_092
93,schaefer_093
94,schaefer_094
95,schaefer_095
96,schaefer_096
97,schaefer_097
98,schaefer_098
99,schaefer_099
100,schaefer_100
101,schaefer_101
102,schaefer_102
103,schaefer_103
104,schaefer_104
105,schaefer_105
106,schaefer_106
107,schaefer_107
108,schaefer_108
109,schaefer_109
110,schaefer_110
111,schaefer_111
112,schaefer_112
113,schaefer_113
114,schaefer_114
115,schaefer_115
116,schaefer_116
117,schaefer_117
118,schaefer_118
119,schaefer_119
120,schaefer_120
121,schaefer_121
122,schaefer_122
123,schaefer_123
124,schaefer_124
125,schaefer_125
126,schaefer_126
127,schaefer_127
128,schaefer_128
129,schaefer_129
130,schaefer_130
131,schaefer_131
132,schaefer_132
133,schaefer_133
134,schaefer_134
135,schaefer_135
136,schaefer_136
137,schaefer_137
138,schaefer_138
139,schaefer_139
140,schaefer_140
141,schaefer_141
142,schaefer_142
143,schaefer_143
144,schaefer_144
145,schaefer_145
146,schaefer_146
147,schaefer_147
148,schaefer_148
149,schaefer_149
150,schaefer_150
151,schaefer_151
152,schaefer_152
153,schaefer_153
154,schaefer_154
155,schaefer_155
156,schaefer_156
157,schaefer_157
158,schaefer_158
159,schaefer_159
160,schaefer_160
161,schaefer_161
162,schaefer_162
163,schaefer_163
164,schaefer_164
165,schaefer_165
166,schaefer_166
167,schaefer_167
168,schaefer_168
169,schaefer_169
170,schaefer_170
171,schaefer_171
172,schaefer_172
173,schaefer_173
174,schaefer_174
175,schaefer_175
176,schaefer_176
177,schaefer_177
178,schaefer_178
179,schaefer_179
180,schaefer_180
181,schaefer_181
182,schaefer_182
183,schaefer_183
184,schaefer_184
185,schaefer_185
186,schaefer_186
187,schaefer_187
188,schaefer_188
189,schaefer_189
190,schaefer_190
191,schaefer_191
192,schaefer_192
193,schaefer_193
194,schaefer_194
195,schaefer_195
196,schaefer_196
197,schaefer_197
198,schaefer_198
199,schaefer_199
200,schaefer_200
201,schaefer_201
202,schaefer_202
203,schaefer_203
204,schaefer_204
205,schaefer_205
206,schaefer_206
207,schaefer_207
208,schaefer_208
209,schaefer_209
210,schaefer_210
211,schaefer_211
212,schaefer_212
213,schaefer_213
214,schaefer_214
215,schaefer_215
216,schaefer_216
217,schaefer_217
218,schaefer_218
219,schaefer_219
220,schaefer_220
221,schaefer_221
222,schaefer_222
223,schaefer_223
224,schaefer_224
225,schaefer_225
226,schaefer_226
227,schaefer_227
228,schaefer_228
229,schaefer_229
230,schaefer_230
231,schaefer_231
232,schaefer_232
233,schaefer_233
234,schaefer_234
235,schaefer_235
236,schaefer_236
237,schaefer_237
238,schaefer_238
239,schaefer_239
240,schaefer_240
241,schaefer_241
242,schaefer_242
243,schaefer_243
244,schaefer_244
245,schaefer_245
246,schaefer_246
247,schaefer_247
248,schaefer_248
249,schaefer_249
250,schaefer_250
251,schaefer_251
252,schaefer_252
253,schaefer_253
254,schaefer_254
255,schaefer_255
256,schaefer_256
257,schaefer_257
258,schaefer_258
259,schaefer_259
260,schaefer_260
261,schaefer_261
262,schaefer_262
263,schaefer_263
264,schaefer_264
265,schaefer_265
266,schaefer_266
267,schaefer_267
268,schaefer_268
269,schaefer_269
270,schaefer_270
271,schaefer_271
272,schaefer_272
273,schaefer_273
274,schaefer_274
275,schaefer_275
276,schaefer_276
277,schaefer_277
278,schaefer_278
279,schaefer_279
280,schaefer_280
281,schaefer_281
282,schaefer_282
283,schaefer_283
284,schaefer_284
285,schaefer_285
286,schaefer_286
287,schaefer_287
288,schaefer_288
289,schaefer_289
290,schaefer_290
291,schaefer_291
292,schaefer_292
293,schaefer_293
294,schaefer_294
295,schaefer_295
296,schaefer_296
297,schaefer_297
298,schaefer_298
299,schaefer_299
300,schaefer_300
301,schaefer_301
302,schaefer_302
303,schaefer_303
304,schaefer_304
305,schaefer_305
306,schaefer_306
307,schaefer_307
308,schaefer_308
309,schaefer_309
310,schaefer_310
311,schaefer_311
312,schaefer_312
313,schaefer_313
314,schaefer_314
315,schaefer_315
316,schaefer_316
317,schaefer_317
318,schaefer_318
319,schaefer_319
320,schaefer_320
321,schaefer_321
322,schaefer_322
323,schaefer_323
324,schaefer_324
325,schaefer_325
326,schaefer_326
327,schaefer_327
328,schaefer_328
329,schaefer_329
330,schaefer_330
331,schaefer_331
332,schaefer_332
333,schaefer_333
334,schaefer_334
335,schaefer_335
336,schaefer_336
337,schaefer_337
338,schaefer_338
339,schaefer_339
340,schaefer_340
341,schaefer_341
342,schaefer_342
343,schaefer_343
344,schaefer_344
345,schaefer_345
346,schaefer_346
347,schaefer_347
348,schaefer_348
349,schaefer_349
350,schaefer_350
351,schaefer_351
352,schaefer_352
353,schaefer_353
354,schaefer_354
355,schaefer_355
356,schaefer_356
357,schaefer_357
358,schaefer_358
359,schaefer_359
360,schaefer_360
361,schaefer_361
362,schaefer_362
363,schaefer_363
364,schaefer_364
365,schaefer_365
366,schaefer_366
367,schaefer_367
368,schaefer_368
369,schaefer_369
370,schaefer_370
371,schaefer_371
372,schaefer_372
373,schaefer_373
374,schaefer_374
375,schaefer_375
376,schaefer_376
377,schaefer_377
378,schaefer_378
379,schaefer_379
380,schaefer_380
381,schaefer_381
382,schaefer_382
383,schaefer_383
384,schaefer_384
385,schaefer_385
386,schaefer_386
387,schaefer_387
388,schaefer_388
389,schaefer_389
390,schaefer_390
391,schaefer_391
392,schaefer_392
393,schaefer_393
394,schaefer_394
395,schaefer_395
396,schaefer_396
397,schaefer_397
398,schaefer_398
399,schaefer_399
400,schaefer_400
